"","lfd","long","lat","hunde","type"
"1",1,7.63179,49.00256,"Hund","nd"
"2",2,7.71622,49.05104,"Hund","nd"
"3",3,7.69364,49.03549,"Hund","nd"
"4",4,7.71501,49.0295,"Hund","nd"
"5",5,7.81729,49.02601,"Hund","nd"
"6",6,7.78942,49.00701,"Hund","nd"
"7",7,7.91271,49.0377,"Hunde","nd"
"8",8,7.9521,49.03733,"Hind","nd"
"9",9,7.96964,49.03158,"Hund","nd"
"10",10,7.91304,49.02495,"Hund","nd"
"11",11,7.91832,49.01679,"Hund","nd"
"12",12,7.93035,49.0109,"Hund","nd"
"13",13,7.89318,49.00093,"Hund","nd"
"14",14,7.85041,49.01803,"Hund","nd"
"15",15,6.99156,48.9525,"Hinn ","nn"
"16",16,6.98122,48.93023,"Hinn ","nn"
"17",17,7.12881,49.00062,"H¡<U+0364>nn , Hunn","nn"
"18",18,7.54562,48.65481,"2 Hunn, 1 Hund","nd"
"19",19,7.15171,48.95143,"Hunn","nn"
"20",20,7.12568,48.92923,"Hund","nd"
"21",21,7.08411,48.9218,"Hunn","nn"
"22",22,7.08686,48.93919,"Hienn","nn"
"23",23,7.08686,48.93919,"Hinn ","nn"
"24",24,7.04339,48.96955,"Hund","nd"
"25",25,7.05316,48.94524,"Hunn","nn"
"26",26,7.0389,48.93409,"Hinn","nn"
"27",27,7.02465,48.94167,"Hunn","nn"
"28",28,7.19095,48.98016,"Hund","nd"
"29",29,7.2205,48.97095,"Hund, Hunn","nd"
"30",30,7.23978,48.95501,"Hunn","nn"
"31",31,7.1752,48.95249,"Hunn","nn"
"32",32,7.18685,48.94061,"Hunn","nn"
"33",33,7.37883,48.72585,"Hunn","nn"
"34",34,7.21529,48.92578,"Hund","nd"
"35",35,7.33838,48.9327,"Hinn","nn"
"36",36,7.38129,48.91753,"Hünd","nd"
"37",37,7.46373,48.93214,"Hund","nd"
"38",38,7.6082,48.94109,"Hind","nd"
"39",39,7.64282,48.95108,"Hund, Hend","nd"
"40",40,7.64282,48.95108,"Hund","nd"
"41",41,7.64282,48.95108,"Hend","nd"
"42",42,7.66338,48.93223,"Hund","nd"
"43",43,7.83111,48.99355,"Hund","nd"
"44",44,7.7613,48.98757,"Hund","nd"
"45",45,7.81713,48.95698,"Hund","nd"
"46",46,7.13172,48.87095,"Hund","nd"
"47",47,7.76782,48.95111,"Hu<U+033D>nd","nd"
"48",48,7.80425,48.9435,"Hynd","nd"
"49",49,7.82707,48.93886,"Hund","nd"
"50",50,7.77425,48.93532,"Hund","nd"
"51",51,7.75696,48.92512,"Hund","nd"
"52",52,7.74374,48.93677,"Hund","nd"
"53",53,7.72171,48.94318,"Hund","nd"
"54",54,7.70322,48.96072,"Hund","nd"
"55",55,7.73367,48.96812,"Hund, Hind(e)","nd"
"56",56,7.95195,48.99281,"Hund","nd"
"57",57,7.90023,48.986,"Hund","nd"
"58",58,7.93636,48.97357,"Hund","nd"
"59",59,7.98947,48.9672,"Hund","nd"
"60",60,7.94316,48.9536,"Hund","nd"
"61",61,7.98262,48.93423,"Hund","nd"
"62",62,7.99256,48.92477,"Hund, 3 Hund","nd"
"63",63,7.94768,48.92407,"Hund","nd"
"64",64,7.9412,48.92766,"Hund, Hund","nd"
"65",65,7.92307,48.91408,"Hund","nd"
"66",66,7.91205,48.93588,"Hund","nd"
"67",67,7.91332,48.95207,"Hund","nd"
"68",68,7.88268,48.93782,"Hund","nd"
"69",69,7.85624,48.93375,"Hund","nd"
"70",70,7.87838,48.95025,"Hund","nd"
"71",71,7.87106,48.96013,"Hund","nd"
"72",72,7.88225,48.96489,"Hund","nd"
"73",73,7.8829,48.9763,"Hund","nd"
"74",74,7.87037,48.98626,"Hund","nd"
"75",75,7.84681,48.96327,"Hund","nd"
"76",76,7.84049,48.93847,"Hund","nd"
"77",77,7.07636,48.91048,"Hund","nd"
"78",78,7.06995,48.9005,"Hund","nd"
"79",79,7.11226,48.90144,"He(i)ng","ng"
"80",80,7.1452,48.90983,"Hünn ","nn"
"81",81,7.1532,48.89487,"Hinn","nn"
"82",82,7.15771,48.88171,"Hünde","nd"
"83",83,7.13172,48.8709,"Hunn","nn"
"84",84,7.11652,48.8596,"Hund","nd"
"85",85,7.15976,48.85488,"Hun","nn"
"86",86,7.08463,48.83742,"Hun","nn"
"87",87,7.07612,48.87884,"Hunn","nn"
"88",88,7.07612,48.87884,"Hund","nd"
"89",89,7.04974,48.87869,"Hunn","nn"
"90",90,7.31461,48.91322,"Hend","nd"
"91",91,7.28852,48.90706,"Hunn","nn"
"92",92,7.28007,48.90754,"Hund","nd"
"93",93,7.25159,48.91879,"Hund","nd"
"94",94,7.24987,48.90483,"Hund","nd"
"95",95,7.25475,48.89009,"Hunn","nn"
"96",96,7.26874,48.86912,"Hund","nd"
"97",97,7.32076,48.85864,"Hund","nd"
"98",98,7.20348,48.90463,"Hunn","nn"
"99",99,7.19745,48.89156,"Hun","nn"
"100",100,7.17993,48.88617,"Hund, Hunn","nd"
"101",101,7.2198,48.88035,"Hunn","nn"
"102",102,7.18979,48.8662,"Hun","nn"
"103",103,7.23096,48.86516,"Hunn","nn"
"104",104,7.24351,48.85748,"Hund","nd"
"105",105,7.20676,48.84318,"Hunn","nn"
"106",106,7.17654,48.90012,"Hinn ","nn"
"107",107,7.48181,48.9216,"Hend","nd"
"108",108,7.41957,48.91035,"Hund, Hend","nd"
"109",109,7.34551,48.89955,"Hund, Hun","nd"
"110",110,7.3596,48.87532,"Hund","nd"
"111",111,7.41533,48.87754,"Heinnd","nd"
"112",112,7.44029,48.87157,"Hind","nd"
"113",113,7.48031,48.87322,"Hend","nd"
"114",114,7.49498,48.85955,"Hund","nd"
"115",115,7.48667,48.84591,"Hund","nd"
"116",116,7.4662,48.84923,"Hend","nd"
"117",117,7.45013,48.85174,"Hénd","nd"
"118",118,7.41341,48.85298,"Hund","nd"
"119",119,7.59018,48.9196,"Hend","nd"
"120",120,7.54296,48.91021,"Hend","nd"
"121",121,7.52883,48.90568,"Hend","nd"
"122",122,7.53995,48.89301,"Hund","nd"
"123",123,7.5527,48.88226,"Hund","nd"
"124",124,7.57892,48.8784,"Hennd","nd"
"125",125,7.61501,48.88508,"Hund","nd"
"126",126,7.6319,48.90544,"Hunt","nd"
"127",127,7.6592,48.90652,"Hund","nd"
"128",128,7.63837,48.87814,"Hund","nd"
"129",129,7.61913,48.85878,"Hend","nd"
"130",130,7.62806,48.84844,"Hend","nd"
"131",131,7.62648,48.84525,"Hend","nd"
"132",132,7.60881,48.84422,"Hund","nd"
"133",133,7.59731,48.86227,"Hünd","nd"
"134",134,7.54972,48.85428,"Hung","ng"
"135",135,7.52526,48.87312,"Hund","nd"
"136",136,7.53932,48.84466,"Hund","nd"
"137",137,7.60881,48.84422,"Hund","nd"
"138",138,7.76471,48.91584,"Hund","nd"
"139",139,7.71711,48.91154,"Hund, Hind","nd"
"140",140,7.71468,48.89506,"Hind","nd"
"141",141,7.74283,48.90037,"Hund","nd"
"142",142,7.74557,48.89153,"Hunde","nd"
"143",143,7.76797,48.89675,"Hund, Hend","nd"
"144",144,7.79196,48.89991,"Hund  ","nd"
"145",145,7.78939,48.88652,"Hund, e paår Hund","nd"
"146",146,7.73641,48.87453,"Hend","nd"
"147",147,7.72032,48.88168,"Hund, Hind","nd"
"148",148,7.67936,48.86259,"Hend","nd"
"149",149,7.67856,48.89026,"Hund ","nd"
"150",150,7.92307,48.91408,"Hund","nd"
"151",151,7.88417,48.9137,"Hunde","nd"
"152",152,7.84913,48.90982,"Hund","nd"
"153",153,7.87665,48.90207,"Hund","nd"
"154",154,7.89812,48.8986,"Hund","nd"
"155",155,7.91634,48.89883,"Hund","nd"
"156",156,7.91693,48.8985,"Hund, Hund","nd"
"157",157,7.95587,48.90241,"Hund","nd"
"158",158,7.97777,48.90173,"Hund","nd"
"159",159,7.75568,48.88314,"Hind","nd"
"160",160,7.11324,48.83701,"Hund, Hunn","nd"
"161",161,7.06204,48.8233,"Hunn","nn"
"162",162,7.10907,48.81139,"Hund, Hunn","nd"
"163",163,7.08247,48.79646,"Hund,  Hunn","nd"
"164",164,7.29591,48.81267,"Hund","nd"
"165",165,7.28092,48.81935,"Hund","nd"
"166",166,7.26823,48.83392,"Hung","ng"
"167",167,7.2357,48.82915,"Hund","nd"
"168",168,7.25813,48.80543,"Hunn","nn"
"169",169,7.47851,48.82528,"Hund","nd"
"170",170,7.47851,48.82528,"Hund","nd"
"171",171,7.47956,48.81064,"Hind","nd"
"172",172,7.45399,48.80165,"Hond","nd"
"173",173,7.43717,48.81355,"Hend","nd"
"174",174,7.4034,48.82391,"Hund","nd"
"175",175,7.40138,48.80593,"Hend","nd"
"176",176,7.42386,48.79158,"Hund","nd"
"177",177,7.38025,48.78942,"Hind","nd"
"178",178,7.36064,48.76931,"Hend","nd"
"179",179,7.357,48.76744,"Hénd","nd"
"180",180,7.41332,48.7697,"Hund","nd"
"181",181,7.45083,48.76772,"Hund","nd"
"182",182,7.46685,48.75406,"Hind","nd"
"183",183,7.47938,48.77591,"Hund","nd"
"184",184,7.47921,48.79113,"Hund, Hung","nd"
"185",185,7.65509,48.82974,"Hund, Hind","nd"
"186",186,7.62689,48.81972,"Hund","nd"
"187",187,7.58414,48.81374,"Hund","nd"
"188",188,7.55923,48.82025,"Hung","ng"
"189",189,7.55965,48.83213,"Hung","ng"
"190",190,7.53026,48.81331,"Hund","nd"
"191",191,7.55409,48.80777,"Hung","ng"
"192",192,7.64259,48.80222,"Hund","nd"
"193",193,7.61936,48.78575,"Hein","nn"
"194",194,7.59484,48.79272,"Hund","nd"
"195",195,7.5473,48.79426,"Hund","nd"
"196",196,7.52538,48.79381,"Hund","nd"
"197",197,7.52538,48.79381,"Hend","nd"
"198",198,7.50884,48.80522,"Hund, Hung","nd"
"199",199,7.53159,48.78313,"Hung","ng"
"200",200,7.55983,48.78146,"Hund, Hend","nd"
"201",201,7.51974,48.75911,"Hund","nd"
"202",202,7.51974,48.75911,"Hund","nd"
"203",203,7.57004,48.75735,"Hind","nd"
"204",204,7.59981,48.7561,"Hung","ng"
"205",205,7.66007,48.78303,"Hend","nd"
"206",206,7.67396,48.82047,"Hénd","nd"
"207",207,7.70034,48.81187,"Hind","nd"
"208",208,7.73517,48.82151,"Hend","nd"
"209",209,7.73517,48.82151,"Hunnd","nd"
"210",210,7.78868,48.81435,"Hend","nd"
"211",211,7.60966,48.84793,"Hund","nd"
"212",212,7.81383,48.75262,"Hünd, Hing","nd"
"213",213,7.77586,48.7535,"Heng","ng"
"214",214,7.7384,48.7721,"Hund","nd"
"215",215,7.72687,48.75719,"Hund","nd"
"216",216,7.7144,48.75688,"Hund","nd"
"217",217,7.69085,48.75532,"Hund","nd"
"218",218,7.68522,48.76281,"Hünd","nd"
"219",219,7.67779,48.77853,"Hend","nd"
"220",220,7.70638,48.78331,"Hend","nd"
"221",221,7.70271,48.79349,"Hind","nd"
"222",222,7.95924,48.82979,"Hund, Hend","nd"
"223",223,7.9193,48.8066,"Hund","nd"
"224",224,7.90562,48.80154,"Hund","nd"
"225",226,7.86327,48.78298,"Hind","nd"
"226",227,7.85912,48.76826,"Hend","nd"
"227",228,7.90543,48.75592,"Hunde","nd"
"228",229,7.78868,48.81435,"Hünd","nd"
"229",230,7.98835,48.77367,"Hind","nd"
"230",231,7.09071,49.0616,"Hunde","nd"
"231",232,7.08355,49.01459,"Hund","nd"
"232",233,7.2617,48.13853,"Hond","nd"
"233",234,7.29975,48.16568,"Hend","nd"
"234",235,7.32264,48.15802,"Hend","nd"
"235",236,7.27884,48.0862,"Hund, Heund","nd"
"236",237,7.28497,48.10796,"Heind","nd"
"237",238,7.27596,48.09972,"Hend","nd"
"238",239,7.28695,48.13649,"Hend","nd"
"239",240,7.32417,48.14496,"hend","nd"
"240",241,7.3035,48.13267,"Hend","nd"
"241",242,7.30725,48.0936,"Hund ","nd"
"242",244,7.28484,48.12465,"Hund","nd"
"243",245,7.32094,48.14982,"Hend","nd"
"244",246,7.37011,48.1551,"Hend","nd"
"245",247,7.47318,48.10199,"Hind","nd"
"246",248,7.43735,48.09944,"Hund","nd"
"247",249,7.42541,48.11028,"Hend","nd"
"248",250,7.44536,48.12387,"Hund","nd"
"249",251,7.43868,48.10708,"Hund","nd"
"250",252,7.47771,48.12279,"Hund, Hünd","nd"
"251",253,7.37665,48.125,"Hound","nd"
"252",254,7.50131,48.16133,"Hund","nd"
"253",255,7.45233,48.08996,"Hend","nd"
"254",256,7.48794,48.1443,"Hent","nd"
"255",257,7.54583,48.1675,"Hund","nd"
"256",258,7.65306,48.12469,"Hind","nd"
"257",259,7.6357,48.12586,"Hund","nd"
"258",261,7.65599,48.09787,"Hind","nd"
"259",262,7.62537,48.10625,"Hund","nd"
"260",263,7.64933,48.1663,"Hund","nd"
"261",264,7.50406,48.09192,"He<U+0358>nd","nd"
"262",265,7.55624,48.09319,"Hund","nd"
"263",266,7.5426,48.11609,"Hund","nd"
"264",267,7.65562,48.13337,"Hund","nd"
"265",268,7.61363,48.13798,"Hund","nd"
"266",269,7.63551,48.08944,"Hund","nd"
"267",270,7.60965,48.11815,"Hund","nd"
"268",271,7.70312,48.1419,"Hind","nd"
"269",272,7.7507,48.15056,"Hind","nd"
"270",274,7.78356,48.09119,"Hind","nd"
"271",275,7.79392,48.16302,"Hund, Hind","nd"
"272",276,7.68308,48.10435,"Hund","nd"
"273",277,7.74563,48.09417,"Hund","nd"
"274",278,7.80591,48.13912,"Hunde","nd"
"275",279,7.7031,48.16341,"Hünd","nd"
"276",280,7.73937,48.12209,"d'hind","nd"
"277",281,7.80344,48.12897,"Hünd","nd"
"278",282,7.67629,48.12873,"Hund, Hint","nd"
"279",283,7.84951,48.1209,"Hind","nd"
"280",284,7.96049,48.09361,"Hind","nd"
"281",285,7.8564,48.09846,"Hind","nd"
"282",286,7.88675,48.11814,"Hünd","nd"
"283",287,7.98804,48.10755,"Hind","nd"
"284",288,7.97753,48.14612,"Hund","nd"
"285",289,7.90788,48.10424,"Hund","nd"
"286",290,7.8346,48.13735,"Hint","nd"
"287",291,7.88416,48.12924,"Hund","nd"
"288",292,7.84077,48.14954,"Hund","nd"
"289",293,7.9721,48.10586,"Hind","nd"
"290",294,7.87829,48.10253,"Hünd","nd"
"291",295,7.92477,48.15747,"Hünd","nd"
"292",296,7.88578,48.17377,"Hind","nd"
"293",297,7.92037,48.14437,"Hunde","nd"
"294",298,7.98722,48.11814,"Hund","nd"
"295",299,7.13185,48.0418,"Hìnd","nd"
"296",300,7.13185,48.0418,"Hund, Hend","nd"
"297",301,7.10254,48.06373,"hénd","nd"
"298",302,7.07146,48.01325,"Huin","nn"
"299",303,7.14594,48.02896,"Hend","nd"
"300",304,7.12607,48.05444,"Hend","nd"
"301",305,7.11745,48.03105,"Hund","nd"
"302",306,7.10087,48.02382,"Hund","nd"
"303",307,7.13528,48.06037,"Hond","nd"
"304",308,7.10163,48.05432,"hond, hend","nd"
"305",309,7.08731,48.02582,"Hend","nd"
"306",310,7.17071,48.03351,"Hend","nd"
"307",311,7.17323,48.0464,"Hund","nd"
"308",312,7.47318,48.10199,"Hund, Hend","nd"
"309",313,7.30629,48.06133,"Hund","nd"
"310",314,7.27661,48.00444,"Hund","nd"
"311",315,7.30016,48.0108,"Hind","nd"
"312",316,7.28067,48.03226,"Hund","nd"
"313",317,7.22416,48.06257,"Hend","nd"
"314",318,7.20558,48.05217,"Hend","nd"
"315",319,7.32932,48.01677,"Hind","nd"
"316",321,7.30037,48.01773,"1 Hund, viel Hend","nd"
"317",322,7.28224,48.01954,"Hind, Hend","nd"
"318",323,7.30455,48.04168,"Hund","nd"
"319",324,7.23755,48.07261,"Hend","nd"
"320",325,7.36359,48.08198,"Hound","nd"
"321",326,7.36359,48.08198,"Hind","nd"
"322",327,7.36359,48.08198,"Hend","nd"
"323",328,7.36359,48.08198,"Huond","nd"
"324",329,7.36359,48.08198,"Hund (Hend= Mehrzahl)","nd"
"325",330,7.36359,48.08198,"Hend","nd"
"326",331,7.41499,48.04248,"Hend","nd"
"327",332,7.3831,48.00666,"Heng","ng"
"328",333,7.30991,48.0865,"Hund, Hend","nd"
"329",334,7.47996,48.06278,"Hind","nd"
"330",335,7.3934,48.08116,"Hund","nd"
"331",336,7.40918,48.0211,"Hund, Hend","nd"
"332",337,7.41118,48.0844,"Hund","nd"
"333",338,7.41512,48.06763,"Hend","nd"
"334",339,7.43962,48.02594,"Hind","nd"
"335",340,7.45782,48.00441,"Hund","nd"
"336",341,7.48632,48.08696,"Ho°nd","nd"
"337",342,7.59332,48.04535,"Hind","nd"
"338",343,7.64227,48.01556,"Hund","nd"
"339",344,7.64554,48.04572,"Hund","nd"
"340",345,7.62448,48.06769,"Hünd","nd"
"341",346,7.64262,48.07988,"Hund, Hind","nd"
"342",347,7.52909,48.01843,"Hend","nd"
"343",348,7.53422,48.07788,"Hend","nd"
"344",349,7.55292,48.01693,"Hund, Hend","nd"
"345",350,7.57243,48.0111,"Hund","nd"
"346",351,7.54467,48.04048,"Hund, Hend","nd"
"347",352,7.5016,48.02747,"Hund","nd"
"348",353,7.55708,48.00563,"Hind","nd"
"349",354,7.51347,48.00264,"Hund","nd"
"350",355,7.81511,48.00987,"Hünd'","nd"
"351",356,7.82538,48.08175,"Hund","nd"
"352",357,7.7624,48.03183,"Hünd","nd"
"353",358,7.68864,48.0173,"Hind","nd"
"354",360,7.80212,48.0489,"Hind","nd"
"355",361,7.79978,48.07044,"Hind","nd"
"356",362,7.72686,48.04969,"Hund","nd"
"357",363,7.78045,48.05415,"Hund","nd"
"358",364,7.80072,48.01663,"Hind","nd"
"359",365,7.77912,48.06092,"Hint","nd"
"360",366,7.72593,48.07743,"Hind","nd"
"361",367,7.71857,48.02338,"Hund. Mehrzahl Hünd","nd"
"362",368,7.6813,48.05162,"Hind","nd"
"363",369,7.86149,48.02593,"Hind","nd"
"364",370,7.87337,48.0328,"Hind","nd"
"365",371,7.92468,48.0349,"Hünd","nd"
"366",372,7.95,48.04291,"Hünd","nd"
"367",373,7.96407,48.04803,"Hind","nd"
"368",374,7.87313,48.04353,"Hind","nd"
"369",375,7.98047,48.00263,"Hünd","nd"
"370",376,7.85113,48.06391,"Hünd","nd"
"371",377,7.87987,48.06793,"Hund","nd"
"372",378,7.92471,48.07551,"Hund, Hünd","nd"
"373",379,7.91201,48.08253,"Hind","nd"
"374",380,7.9028,48.0513,"Hund","nd"
"375",381,6.96629,47.92912,"Hunda","nd"
"376",382,6.96296,47.98143,"Hind","nd"
"377",383,7.12943,47.94619,"Hund","nd"
"378",384,7.15877,47.9414,"Hünd","nd"
"379",385,7.15948,48.00283,"Hend","nd"
"380",386,7.07276,47.99621,"He-in","nn"
"381",387,7.03325,48.00405,"Hund, Hind","nd"
"382",388,7.1604,47.92318,"der Hund","nd"
"383",389,7.14925,47.94057,"Hünd, Hind","nd"
"384",390,7.12209,47.94246,"Hend","nd"
"385",391,7.29696,47.95968,"Hund","nd"
"386",392,7.21903,47.98623,"Hind","nd"
"387",393,7.2595,47.95742,"Hund, Händ","nd"
"388",394,7.19806,47.97442,"Hend","nd"
"389",395,7.2942,47.92837,"Hund","nd"
"390",396,7.17716,47.93851,"Hund","nd"
"391",397,7.23501,47.9292,"Hund","nd"
"392",398,7.23248,47.9323,"Hund","nd"
"393",399,7.23437,47.96595,"Hénd","nd"
"394",400,7.23437,47.96595,"Hend","nd"
"395",401,7.18638,47.92816,"Hund","nd"
"396",402,7.2903,47.98827,"Hund","nd"
"397",403,7.2903,47.98827,"Hond","nd"
"398",404,7.48828,47.97561,"Hend","nd"
"399",405,7.38657,47.95675,"Hend","nd"
"400",406,7.37872,47.94354,"Hund","nd"
"401",407,7.38146,47.94864,"Hund","nd"
"402",408,7.39795,47.9862,"Hund","nd"
"403",409,7.37872,47.94354,"Hund","nd"
"404",410,7.46359,47.94159,"Hind","nd"
"405",411,7.39442,47.96547,"Hind","nd"
"406",412,7.39442,47.96547,"Hünd","nd"
"407",413,7.53776,47.96942,"Hund","nd"
"408",414,7.6594,47.97942,"Hund ","nd"
"409",415,7.64962,47.93629,"Hend","nd"
"410",416,7.62702,47.93691,"Hïnd","nd"
"411",417,7.55885,47.98979,"Hend","nd"
"412",418,7.60042,47.97883,"Hünd ","nd"
"413",419,7.5622,47.9336,"Hend ","nd"
"414",420,7.53917,47.9288,"Hend ","nd"
"415",421,7.68958,47.93875,"Hi<U+0364>nd'","nd"
"416",422,7.68958,47.93875,"Hund","nd"
"417",423,7.814,47.94661,"Hund","nd"
"418",424,7.71217,47.93434,"Hünd","nd"
"419",425,7.74356,47.91979,"Hind","nd"
"420",426,7.72683,47.93837,"Hund","nd"
"421",427,7.75445,47.94133,"Hind","nd"
"422",428,7.76194,47.96231,"Hund, Hind","nd"
"423",429,7.76422,47.959,"Hind","nd"
"424",430,7.77981,47.95761,"Hind","nd"
"425",431,7.82976,47.95687,"Hund","nd"
"426",432,7.82532,47.96635,"Hünd","nd"
"427",433,7.8056,47.97934,"Hind","nd"
"428",434,7.82166,47.9895,"Hünd","nd"
"429",435,7.71599,47.98216,"Hind","nd"
"430",436,7.71585,48.00052,"Hund","nd"
"431",437,7.69883,47.96873,"Hund","nd"
"432",438,7.71392,47.95851,"Hund","nd"
"433",439,7.67114,47.98702,"Hend","nd"
"434",440,7.77924,47.91994,"Hund, Hünd","nd"
"435",441,7.77924,47.91994,"Hund","nd"
"436",442,7.80967,47.93307,"Hind","nd"
"437",443,7.67473,47.92531,"Hind","nd"
"438",444,7.90338,47.97778,"Hind","nd"
"439",445,7.90282,47.98715,"Hünd","nd"
"440",446,7.94267,48.00437,"Hinde","nd"
"441",447,7.96093,47.98418,"Hund","nd"
"442",448,7.95028,47.97747,"Hund, Hünd","nd"
"443",449,7.97957,47.97091,"Hund","nd"
"444",450,7.95261,47.96345,"Hind","nd"
"445",451,7.94506,47.93146,"Hund","nd"
"446",452,7.85911,47.93223,"Hund, Hind","nd"
"447",453,7.90831,47.96423,"Hind","nd"
"448",454,6.97525,47.91008,"Hind","nd"
"449",455,6.98613,47.89621,"Hunda","nd"
"450",456,6.98836,47.88519,"Hend","nd"
"451",457,6.97488,47.87245,"Hund","nd"
"452",458,6.95521,47.88255,"Hunde","nd"
"453",459,7.01113,47.88081,"Hunda","nd"
"454",460,7.00519,47.87122,"Hunda","nd"
"455",461,7.03487,47.86486,"Hund","nd"
"456",462,7.07073,47.84351,"Hunda","nd"
"457",463,7.03186,47.87365,"Hunda","nd"
"458",464,7.04865,47.86081,"Hunde","nd"
"459",465,7.10326,47.87359,"Hund","nd"
"460",466,7.15658,47.90483,"Hénd","nd"
"461",467,7.05832,47.88017,"Hunda","nd"
"462",468,7.17995,47.8995,"Hend","nd"
"463",469,7.17995,47.8995,"Hend","nd"
"464",470,7.21078,47.9095,"Hund","nd"
"465",471,7.22862,47.88613,"Hind","nd"
"466",472,7.20969,47.87406,"Hund","nd"
"467",473,7.21078,47.9095,"Hend","nd"
"468",474,7.21533,47.8484,"Hünd","nd"
"469",475,7.30181,47.83432,"Hund, Hünd","nd"
"470",476,7.25961,47.86006,"Hend","nd"
"471",477,7.30418,47.87789,"Hend","nd"
"472",478,7.28212,47.88747,"Hund, Hind","nd"
"473",479,7.25365,47.90288,"Hund","nd"
"474",480,7.29205,47.91022,"Hend","nd"
"475",481,7.21078,47.9095,"Hend","nd"
"476",482,7.21078,47.9095,"Hund, Hunda","nd"
"477",483,7.21078,47.9095,"Hund","nd"
"478",484,7.27197,47.86504,"Hund","nd"
"479",485,7.35432,47.86522,"Hund, Hend","nd"
"480",486,7.45274,47.86847,"Hundä<U+02D8>","nd"
"481",487,7.46704,47.8888,"Hund (Hind)","nd"
"482",488,7.4473,47.90935,"Hund","nd"
"483",489,7.35924,47.91132,"Hünd","nd"
"484",490,7.35308,47.89742,"Hund, Hënd","nd"
"485",491,7.24206,47.57224,"Hunde","nd"
"486",492,7.27676,47.58379,"Hunde","nd"
"487",493,7.31925,47.5857,"Hung","ng"
"488",494,7.30068,47.56354,"Heng","ng"
"489",495,7.1873,47.56163,"Hunda","nd"
"490",496,7.22032,47.53456,"Hunda","nd"
"491",497,7.28623,47.54132,"Hung, Hüng","ng"
"492",498,7.28623,47.54132,"Hend","nd"
"493",499,7.33206,47.54091,"Heng","ng"
"494",500,7.31605,47.55061,"Heng","ng"
"495",501,7.26824,47.56144,"Hunde","nd"
"496",502,7.16635,47.50105,"Hing","ng"
"497",503,7.21833,47.50939,"Hunda","nd"
"498",504,7.27085,47.5062,"Heing","ng"
"499",505,7.17622,47.53614,"Hunde","nd"
"500",506,7.24121,47.48531,"Hing, Hung","ng"
"501",507,7.25681,47.50213,"Hêng","ng"
"502",508,7.30044,47.50327,"Hunda","nd"
"503",509,7.30044,47.50327,"Hing","ng"
"504",510,7.30044,47.50327,"Hing","ng"
"505",511,7.2816,47.48759,"Cheng","ng"
"506",512,7.3091,47.47235,"Hung, Heng","ng"
"507",513,7.26347,47.46074,"Hung","ng"
"508",514,7.4175,47.57697,"Hund","nd"
"509",515,7.44645,47.56623,"Hung","ng"
"510",516,7.46216,47.56912,"Hong","ng"
"511",517,7.4473,47.55147,"Hend","nd"
"512",518,7.4473,47.55147,"Heng","ng"
"513",519,7.48036,47.55042,"Hing","ng"
"514",520,7.46966,47.52221,"Hünd","nd"
"515",521,7.47691,47.52383,"Hing","ng"
"516",522,7.3807,47.54728,"Hing","ng"
"517",523,7.34362,47.50479,"Hung","ng"
"518",524,7.3374,47.5271,"Hing","ng"
"519",525,7.3579,47.51688,"Hung","ng"
"520",526,7.38288,47.50419,"Heng","ng"
"521",527,7.34276,47.55541,"Hung","ng"
"522",528,7.3832,47.5856,"Hund, Hundä","nd"
"523",529,7.44726,47.58851,"Hung","ng"
"524",530,7.33509,47.48234,"Hing","ng"
"525",531,7.39411,47.48862,"Hung, Hing (Mehrzahl)","ng"
"526",532,7.39411,47.48862,"Hung, Hing (Mehrzahl)","ng"
"527",533,7.45821,47.49881,"Hung","ng"
"528",534,7.48218,47.4954,"Hung, Hing (Merzahl)","ng"
"529",535,7.3665,47.47487,"Hung, Heng","ng"
"530",536,7.38095,47.46702,"Hong, Heng","ng"
"531",537,7.40773,47.46164,"Hung","ng"
"532",538,7.44789,47.46978,"Hing, Hung (Einzahl)","ng"
"533",539,7.35848,47.4405,"Hung","ng"
"534",540,7.5211,47.57633,"Hend","nd"
"535",541,7.50989,47.55993,"Hun, Hün","nn"
"536",542,7.52344,47.56115,"Hend","nd"
"537",543,7.56351,47.58575,"Hind","nd"
"538",544,7.51526,47.52439,"Hung","ng"
"539",545,7.66607,47.55136,"Hünd","nd"
"540",546,7.54705,47.57853,"Hünd","nd"
"541",547,7.23995,47.6597,"Hünde","nd"
"542",548,7.28747,47.65547,"Hunda","nd"
"543",550,7.26432,47.63975,"Hunda","nd"
"544",551,7.23354,47.6401,"Hunda","nd"
"545",552,7.21307,47.61448,"Hond","nd"
"546",553,7.24009,47.62592,"Hend","nd"
"547",554,7.24009,47.62592,"Hund, Hind","nd"
"548",555,7.27817,47.62015,"Hund","nd"
"549",556,7.29244,47.62397,"Hund","nd"
"550",557,7.30232,47.62138,"Hunde","nd"
"551",558,7.32318,47.60479,"Hung","ng"
"552",559,7.22017,47.59449,"Hunde","nd"
"553",560,7.25483,47.58601,"Hünda","nd"
"554",561,7.3467,47.65852,"Hunda","nd"
"555",562,7.42236,47.66739,"Hüng","ng"
"556",563,7.42684,47.65714,"Hüng","ng"
"557",564,7.44285,47.65062,"Heng","ng"
"558",565,7.45597,47.6532,"Heng","ng"
"559",566,7.34876,47.63135,"Hunde","nd"
"560",567,7.41155,47.6393,"Hing, Heng","ng"
"561",568,7.42942,47.6261,"Hung","ng"
"562",569,7.47707,47.63392,"Heng","ng"
"563",570,7.35483,47.59947,"Hung","ng"
"564",571,7.36877,47.59592,"Hunda","nd"
"565",572,7.27884,48.0862,"Hend","nd"
"566",573,7.46442,47.59288,"Heng","ng"
"567",574,7.46442,47.59288,"Heng","ng"
"568",575,7.44156,47.61975,"Hing","ng"
"569",576,7.45901,47.62634,"Heng","ng"
"570",577,7.37595,47.65241,"Hunda, (Hing)","nd"
"571",578,7.394,47.65091,"Hung","ng"
"572",579,7.394,47.65091,"Hung","ng"
"573",580,7.3676,47.62375,"Hunde","nd"
"574",582,7.56471,47.64989,"Hünd","nd"
"575",583,7.56471,47.64989,"Hünd","nd"
"576",584,7.59628,47.66366,"Hung","ng"
"577",585,7.62759,47.65706,"Hung","ng"
"578",586,7.64842,47.6562,"Hünd","nd"
"579",587,7.65387,47.67054,"Hüng","ng"
"580",588,7.64143,47.64099,"Hünd","nd"
"581",589,7.62403,47.63133,"Hünd","nd"
"582",590,7.59518,47.63113,"Hünd","nd"
"583",592,7.53493,47.63685,"Hind","nd"
"584",593,7.52868,47.62399,"Hend","nd"
"585",594,7.49611,47.60128,"Huend","nd"
"586",595,7.49611,47.60128,"Hend","nd"
"587",596,7.49611,47.60128,"Hend","nd"
"588",597,7.57149,47.60532,"Hünd","nd"
"589",598,7.58374,47.5912,"Hind","nd"
"590",599,7.63299,47.59278,"Hund","nd"
"591",600,7.66409,47.61258,"Hünd","nd"
"592",601,7.66409,47.61258,"Hünd","nd"
"593",602,7.65564,47.62739,"Hund, Hünd","nd"
"594",603,7.61378,47.61384,"Hünd","nd"
"595",604,7.62133,47.62261,"Hüng","ng"
"596",605,7.72778,47.66132,"Hünd","nd"
"597",606,7.79884,47.65734,"Hund, Hünd","nd"
"598",607,7.82315,47.64973,"Hünd","nd"
"599",608,7.67898,47.63703,"Hünd","nd"
"600",609,7.69375,47.64287,"Hünd","nd"
"601",610,7.69236,47.63395,"Hünd","nd"
"602",611,7.73911,47.64447,"Hund","nd"
"603",612,7.74574,47.63943,"Hünd","nd"
"604",613,7.74114,47.63121,"Hünd","nd"
"605",614,7.77782,47.64075,"Hünd","nd"
"606",615,7.81236,47.63655,"Hünd","nd"
"607",616,7.81682,47.6184,"Hünd","nd"
"608",617,7.76116,47.61477,"Hünd","nd"
"609",618,7.79067,47.60301,"Hünd","nd"
"610",619,7.78875,47.55945,"Hünd","nd"
"611",620,7.68772,47.58811,"Hünd","nd"
"612",621,7.79868,47.58875,"Hund, Hünde","nd"
"613",622,7.79868,47.58875,"Hund, Hünd","nd"
"614",623,7.7716,47.57363,"Hünd","nd"
"615",624,7.78875,47.55945,"Hund, Hünd ","nd"
"616",625,7.72902,47.55493,"Hund","nd"
"617",626,7.69103,47.54989,"Hünd","nd"
"618",627,7.83602,47.66179,"Hund","nd"
"619",628,7.86873,47.6649,"Hund","nd"
"620",629,7.89786,47.65393,"Hünd","nd"
"621",630,7.97459,47.65405,"Hünd","nd"
"622",631,7.99251,47.65054,"Hünd","nd"
"623",632,7.976,47.63697,"Hünnd","nd"
"624",633,7.94873,47.62902,"Hünd","nd"
"625",634,7.97772,47.61891,"Hünd","nd"
"626",635,7.95943,47.61266,"Hünd","nd"
"627",636,7.97281,47.60577,"Hünd","nd"
"628",637,7.91396,47.59228,"Hünd","nd"
"629",638,7.87989,47.59379,"Hünd","nd"
"630",639,7.85693,47.61597,"Hünd","nd"
"631",640,7.9045,47.62927,"Hünd","nd"
"632",641,7.83816,47.6471,"Hund","nd"
"633",642,7.91336,47.56871,"Hünde","nd"
"634",643,7.96171,47.57476,"Hünd","nd"
"635",644,7.15001,47.56535,"Hund","nd"
"636",645,7.13734,47.57341,"Hunda","nd"
"637",646,7.53712,47.91578,"Hend","nd"
"638",647,7.53712,47.91578,"Hiend","nd"
"639",648,7.53396,47.88426,"Händ","nd"
"640",649,7.51712,47.85248,"Hend","nd"
"641",650,7.63735,47.8479,"Hind","nd"
"642",651,7.63962,47.85945,"Hünd","nd"
"643",652,7.66768,47.87108,"Hünd","nd"
"644",653,7.65221,47.8908,"Hünd","nd"
"645",654,7.62385,47.91694,"Hund","nd"
"646",655,7.59238,47.87313,"Hund","nd"
"647",656,7.57779,47.84303,"Hünd","nd"
"648",657,7.66581,47.90315,"Hünd","nd"
"649",658,7.68027,47.88527,"Hünd","nd"
"650",659,7.69689,47.87134,"Hind","nd"
"651",660,7.70076,47.86061,"Hund","nd"
"652",661,7.67244,47.95561,"Hund","nd"
"653",662,7.70727,47.84122,"Hund","nd"
"654",663,7.78649,47.85518,"Hund, Hünde","nd"
"655",664,7.79435,47.84136,"Hünd","nd"
"656",665,7.72962,47.88166,"Hund","nd"
"657",666,7.72184,47.87162,"Hund, Hind","nd"
"658",667,7.70333,47.91813,"Hund, Hind","nd"
"659",668,7.75208,47.91557,"Hünd","nd"
"660",669,7.81186,47.87153,"Hind","nd"
"661",670,7.86115,47.84975,"Hind","nd"
"662",671,7.8814,47.84169,"Hund","nd"
"663",672,7.92836,47.843,"Hind","nd"
"664",673,7.94335,47.85074,"Hind","nd"
"665",674,7.91725,47.857,"Hind","nd"
"666",675,7.94887,47.89511,"Hünd","nd"
"667",676,7.89778,47.90096,"hind","nd"
"668",677,7.965,47.93356,"Hund, Hind","nd"
"669",678,7.83776,47.909,"Hund","nd"
"670",679,7.87525,47.8938,"Hünd","nd"
"671",680,7.97372,47.84091,"Hend","nd"
"672",681,7.83588,47.87776,"Hind","nd"
"673",682,6.93211,47.80559,"Hend","nd"
"674",683,6.94324,47.80838,"Honde","nd"
"675",684,6.9473,47.82212,"Hunda","nd"
"676",685,6.95965,47.79904,"Hund-da","nd"
"677",686,6.979,47.78312,"Hunda (Hend)","nd"
"678",687,6.90688,47.80694,"Hunda","nd"
"679",688,6.99386,47.7727,"Hunda","nd"
"680",689,6.97173,47.78361,"Hend, Hunda","nd"
"681",690,7.02973,47.7953,"Hund","nd"
"682",691,7.05868,47.77527,"Hunde","nd"
"683",692,7.0544,47.75581,"Hundå","nd"
"684",693,7.02216,47.75778,"Hind","nd"
"685",694,7.0877,47.77839,"Hunde","nd"
"686",695,7.09999,47.79305,"Hunda","nd"
"687",696,7.10335,47.81019,"Hend","nd"
"688",697,7.12206,47.80704,"Hund","nd"
"689",698,7.07947,47.82929,"Hunda","nd"
"690",699,7.13352,47.77692,"Hunda","nd"
"691",700,7.15065,47.7618,"Hunda","nd"
"692",701,7.15487,47.82041,"Hund","nd"
"693",702,7.07084,47.78935,"Hund, Hunda","nd"
"694",703,7.17804,47.81981,"Hend","nd"
"695",704,7.17837,47.80918,"Hind","nd"
"696",705,7.24063,47.81047,"Hünd","nd"
"697",706,7.24063,47.81047,"Hünd","nd"
"698",707,7.25504,47.82648,"Hend","nd"
"699",708,7.17766,47.83549,"Hind","nd"
"700",709,7.28171,47.7605,"Hund","nd"
"701",710,7.34375,47.7517,"Hend","nd"
"702",711,7.34375,47.7517,"Hund","nd"
"703",712,7.35868,47.82216,"Hi(e)nd","nd"
"704",713,7.33993,47.81085,"Hund","nd"
"705",714,7.33579,47.79025,"Hend","nd"
"706",715,7.34839,47.78217,"Hund","nd"
"707",716,7.3698,47.78852,"Hunda","nd"
"708",717,7.37806,47.80152,"Hund","nd"
"709",718,7.34839,47.78217,"Hund","nd"
"710",719,7.35997,47.76894,"Hunde","nd"
"711",720,7.35997,47.76894,"Hunde","nd"
"712",721,7.38278,47.81739,"Hund(a)","nd"
"713",722,7.53969,47.81643,"Hind","nd"
"714",723,7.56012,47.81393,"Hund","nd"
"715",724,7.6208,47.82868,"Hund, Hind","nd"
"716",725,7.65681,47.83383,"Hund","nd"
"717",726,7.65195,47.82164,"Hunde","nd"
"718",727,7.64763,47.80664,"Hund","nd"
"719",728,7.62923,47.80821,"Hünd","nd"
"720",729,7.59221,47.78776,"Hünd","nd"
"721",730,7.65665,47.78685,"Hund","nd"
"722",731,7.59411,47.76239,"Hund","nd"
"723",732,7.64081,47.7737,"Hünd","nd"
"724",733,7.64434,47.75677,"Hünd","nd"
"725",734,7.57624,47.75579,"Hind","nd"
"726",735,7.55314,47.76918,"Hend","nd"
"727",736,7.50503,47.75908,"Hund","nd"
"728",737,7.50646,47.78661,"Hend","nd"
"729",738,7.51396,47.82468,"Hund","nd"
"730",739,7.67237,47.82744,"Hund","nd"
"731",740,7.67934,47.80555,"Hund, Hünd","nd"
"732",741,7.69904,47.80743,"Hind","nd"
"733",742,7.72688,47.77116,"Hünd","nd"
"734",743,7.82686,47.77616,"Hünd","nd"
"735",744,7.8271,47.79543,"Hünd","nd"
"736",745,7.70866,47.73257,"Hünd","nd"
"737",746,7.94634,47.82887,"Hünd","nd"
"738",747,7.93888,47.8175,"Hund","nd"
"739",748,7.93964,47.80434,"Hind","nd"
"740",749,7.91301,47.80054,"Hund, Hind","nd"
"741",750,7.89522,47.80317,"Hünd","nd"
"742",751,7.84054,47.80226,"Hind","nd"
"743",752,7.88227,47.79265,"Hind","nd"
"744",753,7.89443,47.78637,"Hünd","nd"
"745",754,7.92311,47.78574,"Hind","nd"
"746",755,7.97232,47.77964,"Hünd","nd"
"747",756,7.95327,47.76746,"Hund","nd"
"748",757,8.00438,47.74133,"Hund, Hünde","nd"
"749",758,7.88397,47.7603,"Hünd","nd"
"750",759,7.0913,47.75291,"Hund","nd"
"751",760,7.05724,47.73372,"Hunda","nd"
"752",761,7.09079,47.71688,"Hund","nd"
"753",762,7.14988,47.72886,"Hunda","nd"
"754",763,7.16039,47.71674,"der Hund","nd"
"755",764,7.0716,47.69963,"Hundä","nd"
"756",765,7.06248,47.68339,"Hind","nd"
"757",766,7.13461,47.6894,"Hund","nd"
"758",767,7.11319,47.70828,"Hunda","nd"
"759",768,7.04125,47.73832,"Hund","nd"
"760",769,7.16714,47.75272,"Hund","nd"
"761",770,7.2319,47.74911,"Hund","nd"
"762",771,7.26699,47.73596,"Hunda","nd"
"763",772,7.30295,47.71749,"Hunde","nd"
"764",773,7.28072,47.70069,"Hundä","nd"
"765",774,7.29485,47.69387,"Hunda","nd"
"766",775,7.30924,47.69692,"Hunda","nd"
"767",776,7.26494,47.67073,"Hunde, Hind","nd"
"768",777,7.26494,47.67073,"Hunda, Hind","nd"
"769",778,7.2159,47.68086,"Hunda","nd"
"770",779,7.26801,47.69023,"Hundea","nd"
"771",780,7.22481,47.70563,"Hunde","nd"
"772",781,7.1681,47.66772,"Hund","nd"
"773",782,7.20293,47.67101,"Hunda","nd"
"774",783,7.19368,47.69085,"Hunde","nd"
"775",784,7.22696,47.72682,"Hund, Hunde","nd"
"776",785,7.31747,47.72106,"Hunda","nd"
"777",786,7.39739,47.74412,"d'Hundr","nd"
"778",787,7.39739,47.74412,"Hunda","nd"
"779",788,7.41666,47.72864,"Hunda","nd"
"780",789,7.38892,47.72013,"Hünde","nd"
"781",790,7.35964,47.70073,"Hünd, Hünda","nd"
"782",791,7.40296,47.69288,"Hunda","nd"
"783",792,7.4066,47.68284,"Hind","nd"
"784",793,7.39601,47.68637,"Hunde","nd"
"785",794,7.36609,47.67219,"Hund","nd"
"786",795,7.36836,47.74966,"Hend","nd"
"787",796,7.39812,47.71239,"Hund","nd"
"788",797,7.52082,47.73028,"Hend","nd"
"789",798,7.55728,47.7319,"Hund, Hünd","nd"
"790",799,7.604,47.73928,"Hind","nd"
"791",800,7.642,47.73653,"Hünd","nd"
"792",801,7.63561,47.71579,"Hund (Hünd)","nd"
"793",802,7.6103,47.71116,"Hüng","ng"
"794",803,7.58442,47.7231,"Hüng","ng"
"795",804,7.54942,47.71753,"Hund","nd"
"796",805,7.53324,47.71013,"Hund","nd"
"797",806,7.50399,47.6877,"Hund (m)","nd"
"798",807,7.50399,47.6877,"Hénd","nd"
"799",808,7.50399,47.6877,"Hend","nd"
"800",809,7.50904,47.71353,"Hind","nd"
"801",810,7.54141,47.69158,"Hung","ng"
"802",811,7.56233,47.68899,"d' Hung","ng"
"803",812,7.59794,47.68033,"Hüng","ng"
"804",813,7.62775,47.69538,"Hung","ng"
"805",814,7.66224,47.71456,"Hünd","nd"
"806",815,7.56756,47.67374,"Hüng","ng"
"807",816,7.5497,47.67294,"Hin<U+035C>g","ng"
"808",817,7.52279,47.691,"d'Hünd","nd"
"809",818,7.70866,47.73257,"Hünd","nd"
"810",819,7.76723,47.74789,"Hünd","nd"
"811",820,7.79724,47.75076,"Hünd","nd"
"812",821,7.83139,47.7509,"Hünd","nd"
"813",822,7.82053,47.71127,"Hünd","nd"
"814",823,7.79638,47.72037,"Hund","nd"
"815",824,7.7724,47.72297,"Hunde","nd"
"816",825,7.73306,47.71161,"Hund","nd"
"817",826,7.76525,47.67775,"Hünd","nd"
"818",827,7.79819,47.6893,"Hünde","nd"
"819",828,7.73863,47.69047,"Hünd","nd"
"820",829,7.86972,47.73452,"d' Hünd","nd"
"821",830,7.90629,47.74318,"Hünd","nd"
"822",831,7.91432,47.73207,"d'Hund","nd"
"823",832,7.95137,47.7412,"Hünd","nd"
"824",833,7.88363,47.72839,"Hünd'","nd"
"825",834,7.8735,47.71532,"Hünd","nd"
"826",835,7.90412,47.7181,"de Hunde","nd"
"827",836,7.83666,47.71725,"Hünd","nd"
"828",837,7.85301,47.70753,"Hünd","nd"
"829",838,7.88873,47.70465,"Hünd","nd"
"830",839,7.93271,47.69725,"Hünd","nd"
"831",840,7.84055,47.68143,"Hünd","nd"
"832",841,7.86089,47.68233,"Hünd","nd"
"833",842,8.01336,47.76141,"Hund","nd"
"834",843,8.00438,47.74133,"Hünd","nd"
"835",844,7.0684,47.66973,"Hund, Hunda","nd"
"836",845,7.09169,47.66903,"Hund","nd"
"837",846,7.14982,47.65627,"d' Hunda","nd"
"838",847,7.15712,47.65028,"Hunde","nd"
"839",848,7.13318,47.64299,"Heng","ng"
"840",849,7.1214,47.63024,"d' Hunda","nd"
"841",850,7.1132,47.63625,"Hend","nd"
"842",851,7.09315,47.63072,"Heng","ng"
"843",852,7.05852,47.63139,"Hend","nd"
"844",853,7.02504,47.63178,"d'Hunde","nd"
"845",854,7.10508,47.6176,"Hunda","nd"
"846",855,7.11466,47.60658,"Hunda","nd"
"847",856,7.11911,47.59537,"Hund, Hunda","nd"
"848",857,7.14596,47.59468,"Hund, Hend","nd"
"849",858,7.1624,47.625,"d' Hend, d' Hunda","nd"
"850",859,7.41694,47.60722,"a Hund, d' Hunde","nd"
"851",860,7.46905,48.49622,"Hu(ö)nd","nd"
"852",861,7.46905,48.49622,"Hund u. Hind","nd"
"853",862,7.46905,48.49622,"Hund ","nd"
"854",863,7.49675,48.48669,"Hään","nn"
"855",864,7.43994,48.47577,"Hend","nd"
"856",865,7.43994,48.47577,"Hund","nd"
"857",866,7.48507,48.4622,"Hünd","nd"
"858",867,7.40011,48.36706,"Hend","nd"
"859",868,7.43298,48.46056,"Hund","nd"
"860",869,7.43298,48.46056,"Hind","nd"
"861",870,7.42423,48.4458,"Hu°nd, Hennd","nd"
"862",871,7.45184,48.41784,"Hund","nd"
"863",872,7.49064,48.41936,"Hund","nd"
"864",873,7.48432,48.43288,"Hund, Hund","nd"
"865",874,7.41771,48.47239,"Hend","nd"
"866",875,7.53227,48.50237,"Höin","nn"
"867",876,7.57348,48.49644,"Heïn","nn"
"868",877,7.66966,48.49284,"Hend","nd"
"869",878,7.56557,48.47613,"Hönd","nd"
"870",879,7.54397,48.44858,"Hund","nd"
"871",880,7.51765,48.45309,"Hund","nd"
"872",881,7.52068,48.42151,"Hünd","nd"
"873",882,7.6099,48.42013,"Hend","nd"
"874",883,7.6199,48.42864,"hind","nd"
"875",884,7.66295,48.4211,"Hend","nd"
"876",885,7.64596,48.45465,"Hend","nd"
"877",886,7.67959,48.4897,"Hund","nd"
"878",887,7.67959,48.4897,"Hund","nd"
"879",888,7.71556,48.48796,"Hond","nd"
"880",889,7.72339,48.46948,"Hind","nd"
"881",890,7.67249,48.46706,"Hend","nd"
"882",891,7.81393,48.46505,"Hind","nd"
"883",892,7.81569,48.44904,"Hind","nd"
"884",893,7.81161,48.43161,"Hind","nd"
"885",894,7.83346,48.49695,"Hund","nd"
"886",895,7.86191,48.49204,"Hind","nd"
"887",896,7.91766,48.49812,"Hind","nd"
"888",897,7.93242,48.4947,"Hund","nd"
"889",898,7.94796,48.49264,"Hint","nd"
"890",899,7.96625,48.48439,"Hund","nd"
"891",900,7.91883,48.48554,"Hünd","nd"
"892",902,7.98174,48.47408,"Hind","nd"
"893",903,7.97963,48.46469,"He<U+0307>nd, Hund","nd"
"894",904,7.97048,48.45192,"Hünd","nd"
"895",905,7.91883,48.48554,"Hünd","nd"
"896",906,7.99275,48.43199,"Hend","nd"
"897",907,7.94627,48.42199,"Hunde","nd"
"898",908,7.90797,48.42392,"Hünd","nd"
"899",909,7.83364,48.46521,"Hunde","nd"
"900",910,7.88679,48.45347,"Hund","nd"
"901",911,7.33005,48.40339,"Hend","nd"
"902",912,7.2921,48.36514,"Hund, Hend","nd"
"903",913,7.26349,48.3533,"Hend","nd"
"904",914,7.28942,48.35047,"Hund","nd"
"905",915,7.31832,48.35651,"Hend","nd"
"906",916,7.30273,48.34253,"Hind","nd"
"907",917,7.28546,48.33566,"Hund, Hind","nd"
"908",918,7.32386,48.33763,"Hund","nd"
"909",919,7.46795,48.4111,"Hend","nd"
"910",920,7.45244,48.40651,"Hund","nd"
"911",921,7.45244,48.40651,"Hund","nd"
"912",922,7.45244,48.40651,"Hend","nd"
"913",923,7.44252,48.39603,"Hünde","nd"
"914",924,7.44268,48.38403,"Hünd","nd"
"915",925,7.41747,48.38635,"Hend","nd"
"916",926,7.40011,48.36706,"Hünd', Hund'","nd"
"917",927,7.38628,48.36613,"Hend","nd"
"918",928,7.49786,48.39782,"Hend","nd"
"919",929,7.48841,48.37831,"Hund, Hünd","nd"
"920",931,7.4655,48.35803,"Hend","nd"
"921",932,7.4655,48.35803,"Hund","nd"
"922",933,7.4322,48.36386,"Hund","nd"
"923",934,7.41957,48.3503,"Hund","nd"
"924",935,7.41844,48.34128,"Hund","nd"
"925",936,7.5965,48.41075,"Hund","nd"
"926",937,7.58855,48.39622,"Hi°nd","nd"
"927",938,7.57276,48.37779,"Hend","nd"
"928",939,7.59385,48.37263,"Hound","nd"
"929",940,7.59385,48.37263,"Hend","nd"
"930",941,7.59385,48.37263,"Heind","nd"
"931",942,7.61417,48.38275,"Hend","nd"
"932",943,7.62677,48.39642,"Hend","nd"
"933",944,7.63886,48.40167,"Hind","nd"
"934",945,7.6323,48.3467,"Hend","nd"
"935",946,7.61683,48.33696,"Hünd","nd"
"936",947,7.57814,48.35799,"Hünd","nd"
"937",948,7.55199,48.34632,"Hind","nd"
"938",949,7.5423,48.33798,"Hund","nd"
"939",950,7.77738,48.40898,"Hund","nd"
"940",951,7.75477,48.38593,"Hend","nd"
"941",952,7.81571,48.38829,"Hund","nd"
"942",953,7.78326,48.36703,"Hind","nd"
"943",954,7.76001,48.34931,"Hind","nd"
"944",955,7.71659,48.34964,"Hund","nd"
"945",956,7.68912,48.35924,"Hund, Heend","nd"
"946",957,7.69824,48.38295,"Hund","nd"
"947",958,7.82557,48.3325,"Hind","nd"
"948",959,7.891,48.41717,"Hind","nd"
"949",960,7.90095,48.39821,"Hind","nd"
"950",961,7.93733,48.40041,"Hind","nd"
"951",962,7.98716,48.40675,"Hünd","nd"
"952",963,7.99239,48.38717,"Hünd","nd"
"953",964,7.89815,48.37746,"Hund, Hind","nd"
"954",965,7.87515,48.37378,"Hind","nd"
"955",966,7.84148,48.4057,"Hünd","nd"
"956",967,7.85268,48.38219,"Hend","nd"
"957",968,7.83742,48.36009,"Hund","nd"
"958",969,7.85875,48.34966,"Hund","nd"
"959",970,7.87603,48.34018,"Hint","nd"
"960",971,7.90787,48.33884,"Hünd","nd"
"961",972,7.31338,48.32872,"Hend","nd"
"962",973,7.32766,48.31529,"Hend","nd"
"963",974,7.30201,48.28406,"Hind","nd"
"964",975,7.28169,48.2709,"Hend","nd"
"965",976,7.33562,48.32669,"Hend","nd"
"966",977,7.36093,48.3272,"Hend","nd"
"967",978,7.35364,48.32384,"Hend","nd"
"968",979,7.33937,48.3063,"Hend","nd"
"969",980,7.42838,48.32103,"Hind","nd"
"970",981,7.4217,48.30979,"Hend","nd"
"971",982,7.4198,48.28734,"Hend","nd"
"972",983,7.39919,48.27183,"Hund, Hend","nd"
"973",984,7.39476,48.25441,"Hund","nd"
"974",985,7.45232,48.2578,"Hend","nd"
"975",986,7.45232,48.2578,"Hund, Hünd","nd"
"976",987,7.45232,48.2578,"Hend","nd"
"977",988,7.50132,48.30759,"Hend","nd"
"978",989,7.52112,48.31139,"Hund","nd"
"979",990,7.61297,48.31375,"Hend","nd"
"980",991,7.66174,48.29015,"Hind","nd"
"981",992,7.60713,48.28366,"Hund, Hond","nd"
"982",993,7.56768,48.29055,"Hund, Hend","nd"
"983",994,7.53321,48.2674,"Hend","nd"
"984",995,7.58962,48.26345,"Hund","nd"
"985",996,7.60327,48.25126,"Hund","nd"
"986",997,7.60327,48.25126,"Hund","nd"
"987",998,7.68036,48.33214,"Hünd","nd"
"988",999,7.67044,48.30971,"Hund","nd"
"989",1000,7.72032,48.88168,"Hind","nd"
"990",1001,7.75888,48.32591,"Hünd","nd"
"991",1002,7.82466,48.29439,"Hund","nd"
"992",1003,7.80753,48.31925,"Hind","nd"
"993",1004,7.81323,48.28708,"Hind","nd"
"994",1005,7.79862,48.27835,"Hünd","nd"
"995",1006,7.81401,48.26606,"Hund","nd"
"996",1007,7.81361,48.25631,"Hind","nd"
"997",1008,7.74182,48.29235,"Hund,Hind","nd"
"998",1009,7.74182,48.29235,"Hind","nd"
"999",1010,7.72571,48.26873,"Hint","nd"
"1000",1011,7.83797,48.32639,"Hund","nd"
"1001",1012,7.86031,48.31851,"Hund","nd"
"1002",1013,7.86031,48.31851,"Hind","nd"
"1003",1014,7.9231,48.33196,"Hünd","nd"
"1004",1015,8.0327,48.36461,"Hünd","nd"
"1005",1016,7.94104,48.30987,"Hund, Hünd","nd"
"1006",1017,7.95069,48.29243,"Hind","nd"
"1007",1018,7.95562,48.27087,"Hind","nd"
"1008",1019,7.85658,48.27938,"Hind","nd"
"1009",1020,7.85339,48.26704,"Hind","nd"
"1010",1021,7.85884,48.24754,"Hind","nd"
"1011",1022,7.17972,48.24483,"Hend","nd"
"1012",1023,7.28169,48.2709,"Hund","nd"
"1013",1024,7.17972,48.24483,"Hind","nd"
"1014",1025,7.17972,48.24483,"Hund","nd"
"1015",1026,7.30397,48.22949,"Hund","nd"
"1016",1027,7.30397,48.22949,"Hend","nd"
"1017",1028,7.32486,48.19355,"Hend","nd"
"1018",1029,7.31874,48.17063,"Hund","nd"
"1019",1030,7.31671,48.18091,"Hend","nd"
"1020",1031,7.38445,48.24184,"Hund","nd"
"1021",1032,7.38445,48.24184,"Hend","nd"
"1022",1033,7.35716,48.22457,"Hund","nd"
"1023",1034,7.35777,48.20604,"Hond, Hend","nd"
"1024",1035,7.39289,48.18656,"Hend","nd"
"1025",1036,7.43355,48.18466,"Hund","nd"
"1026",1037,7.36295,48.21541,"Hend","nd"
"1027",1038,7.52018,48.23003,"Hund","nd"
"1028",1039,7.53925,48.23746,"Hund","nd"
"1029",1040,7.56377,48.22957,"Hund","nd"
"1030",1041,7.57481,48.2329,"Hund","nd"
"1031",1042,7.59489,48.2251,"Hend","nd"
"1032",1043,7.61664,48.23405,"Hund","nd"
"1033",1044,7.64715,48.22339,"Hind","nd"
"1034",1045,7.57377,48.20951,"Hund","nd"
"1035",1046,7.55134,48.21037,"Hund","nd"
"1036",1047,7.51527,48.20131,"Hund","nd"
"1037",1048,7.50726,48.18379,"Hund","nd"
"1038",1049,7.57052,48.18862,"Hund, Hend","nd"
"1039",1050,7.56598,48.18437,"Hund","nd"
"1040",1051,7.71317,48.23982,"Hind","nd"
"1041",1052,7.71048,48.22667,"Hind","nd"
"1042",1053,7.67618,48.19761,"Hind","nd"
"1043",1054,7.78041,48.24632,"Hind","nd"
"1044",1055,7.82007,48.23676,"Hund","nd"
"1045",1056,7.82928,48.21892,"Hünd","nd"
"1046",1057,7.80659,48.21534,"Hind","nd"
"1047",1058,7.77743,48.22249,"Hind","nd"
"1048",1059,7.79647,48.20762,"Hünd","nd"
"1049",1060,7.8306,48.20842,"Hind","nd"
"1050",1062,7.81686,48.17869,"Hünd","nd"
"1051",1063,7.77005,48.19298,"Hind","nd"
"1052",1064,7.76731,48.16962,"Hund","nd"
"1053",1065,7.82936,48.1638,"Hind","nd"
"1054",1066,7.88015,48.24152,"Hind","nd"
"1055",1067,7.95383,48.24804,"Hund","nd"
"1056",1068,7.96799,48.22021,"Hund, (Hind)","nd"
"1057",1069,7.89687,48.18611,"Hund","nd"
"1058",1070,7.90612,48.17863,"Hind","nd"
"1059",1071,7.98858,48.1762,"Hund, Hind","nd"
"1060",1072,7.32779,48.69001,"Hund","nd"
"1061",1073,7.31728,48.67755,"Hond","nd"
"1062",1074,7.34837,48.75567,"Hend","nd"
"1063",1075,7.36605,48.73948,"Hind","nd"
"1064",1076,7.36605,48.73948,"Hund","nd"
"1065",1077,7.36605,48.73948,"Hund","nd"
"1066",1078,7.37883,48.7258,"Hund","nd"
"1067",1079,7.4132,48.71301,"Hönd","nd"
"1068",1080,7.43921,48.71868,"Hönd","nd"
"1069",1081,7.46448,48.71956,"Hund","nd"
"1070",1082,7.48491,48.73763,"Hund, Hend","nd"
"1071",1083,7.48491,48.73763,"Hund","nd"
"1072",1084,7.48538,48.70717,"Hing","ng"
"1073",1085,7.46258,48.69969,"Hönd","nd"
"1074",1086,7.45106,48.70358,"Hung","ng"
"1075",1087,7.41619,48.69645,"Heöng","ng"
"1076",1088,7.44376,48.69162,"Hünd","nd"
"1077",1089,7.44963,48.68592,"Hönd","nd"
"1078",1090,7.46052,48.68079,"Höhnd","nd"
"1079",1091,7.49655,48.69022,"Heund","nd"
"1080",1092,7.35204,48.70268,"Hund","nd"
"1081",1093,7.38108,48.69056,"Hend","nd"
"1082",1094,7.4064,48.68515,"Hund","nd"
"1083",1095,7.35926,48.6727,"Hend","nd"
"1084",1096,7.45086,48.67123,"Hund","nd"
"1085",1097,7.33939,48.71422,"Hund","nd"
"1086",1098,7.43629,48.73254,"Höünd","nd"
"1087",1099,7.58895,48.71645,"Hung","ng"
"1088",1100,7.56211,48.7324,"Hünd","nd"
"1089",1101,7.58822,48.7411,"Hund","nd"
"1090",1102,7.62965,48.74804,"Hung","ng"
"1091",1103,7.63371,48.72198,"Hung","ng"
"1092",1104,7.61598,48.71578,"Hünd","nd"
"1093",1105,7.63107,48.7093,"Hünd","nd"
"1094",1106,7.65824,48.70895,"Hind","nd"
"1095",1107,7.65125,48.70026,"Hung, Hind","nd"
"1096",1108,7.6354,48.69228,"Hung","ng"
"1097",1109,7.60781,48.69592,"Hünd","nd"
"1098",1110,7.61546,48.67598,"Hun<U+035E>g","ng"
"1099",1111,7.65758,48.67898,"Hun","nn"
"1100",1112,7.53538,48.71278,"Hünd","nd"
"1101",1113,7.51503,48.70869,"Höhnd","nd"
"1102",1114,7.56591,48.70185,"Hönd","nd"
"1103",1115,7.54735,48.69609,"Hönd","nd"
"1104",1116,7.57862,48.68905,"Hund, Hung","nd"
"1105",1117,7.51166,48.67082,"Hund","nd"
"1106",1118,7.5074,48.74799,"Hund","nd"
"1107",1119,7.52092,48.7349,"Hund","nd"
"1108",1120,7.568,48.65809,"Hund","nd"
"1109",1121,7.68667,48.73776,"Hong","ng"
"1110",1122,7.71045,48.73026,"Hund","nd"
"1111",1123,7.74686,48.72273,"der Hünd, die Hung","nd"
"1112",1124,7.7826,48.71905,"d' Hung","ng"
"1113",1125,7.80901,48.74019,"d' Hüng","ng"
"1114",1126,7.67959,48.4897,"Hung","ng"
"1115",1127,7.78279,48.69341,"Hing","ng"
"1116",1128,7.67511,48.69681,"Hung","ng"
"1117",1129,7.69351,48.68244,"Hung","ng"
"1118",1130,7.71285,48.66933,"Henn","nn"
"1119",1131,7.90651,48.72976,"Hünd, Hind","nd"
"1120",1132,7.91375,48.71167,"Hünd, Hind","nd"
"1121",1133,7.98186,48.73575,"Hund","nd"
"1122",1134,7.9656,48.70959,"Hund","nd"
"1123",1135,7.99655,48.7137,"Hund","nd"
"1124",1136,7.98806,48.69362,"Honnd","nd"
"1125",1137,7.98237,48.68233,"Hund","nd"
"1126",1138,7.93582,48.67138,"Hund","nd"
"1127",1139,7.87971,48.69159,"Hünd, Heng","nd"
"1128",1140,7.85798,48.67473,"Hünd","nd"
"1129",1141,7.30153,48.63467,"Hend","nd"
"1130",1142,7.30732,48.6228,"Hund","nd"
"1131",1143,7.30153,48.63467,"Ho(u)nd","nd"
"1132",1144,7.34505,48.65874,"Hund, Hind","nd"
"1133",1145,7.37043,48.66739,"Hend","nd"
"1134",1146,7.38108,48.69056,"Hund","nd"
"1135",1147,7.38757,48.6705,"Hund","nd"
"1136",1148,7.41482,48.67034,"Höund, Hend","nd"
"1137",1149,7.4265,48.65831,"Hind","nd"
"1138",1150,7.47865,48.66636,"Hönd, Hung (Pl.)","nd"
"1139",1151,7.47311,48.66189,"d'Hehnd","nd"
"1140",1152,7.40829,48.64445,"Hund","nd"
"1141",1153,7.44724,48.63718,"Hind","nd"
"1142",1154,7.44724,48.63718,"Hend","nd"
"1143",1155,7.4664,48.61834,"Hond","nd"
"1144",1156,7.49054,48.62101,"Hund, Hend (Mehrz.)","nd"
"1145",1157,7.49624,48.60963,"Hund","nd"
"1146",1158,7.48778,48.60108,"Hend","nd"
"1147",1159,7.49581,48.593,"Hend","nd"
"1148",1160,7.46472,48.59545,"Hö¯nd","nd"
"1149",1161,7.37795,48.65555,"Hind","nd"
"1150",1162,7.33273,48.66842,"Hund, Hind","nd"
"1151",1163,7.39912,48.63165,"Hund","nd"
"1152",1164,7.44341,48.60424,"Huönd","nd"
"1153",1165,7.51469,48.65916,"Hüend","nd"
"1154",1166,7.54562,48.65481,"Heng","ng"
"1155",1167,7.28171,47.76054,"Hund","nd"
"1156",1168,7.60723,48.66319,"Hing","ng"
"1157",1169,7.64331,48.66042,"Huend","nd"
"1158",1170,7.60738,48.63994,"Hünd","nd"
"1159",1171,7.61838,48.63195,"Hind, Hing","nd"
"1160",1172,7.61838,48.63195,"Hund, Hunde","nd"
"1161",1173,7.52543,48.64343,"Hun","nn"
"1162",1174,7.51005,48.63544,"Hund, Hund","nd"
"1163",1175,7.5391,48.63315,"Hoang","ng"
"1164",1176,7.57335,48.63816,"Hing","ng"
"1165",1177,7.57372,48.62636,"Hind ","nd"
"1166",1178,7.59369,48.6152,"Hund","nd"
"1167",1179,7.56378,48.61325,"Heend","nd"
"1168",1180,7.59542,48.60404,"Hünd","nd"
"1169",1181,7.59542,48.60404,"Hüend","nd"
"1170",1182,7.58074,48.66169,"Heng","ng"
"1171",1183,7.82574,48.65926,"Hünd","nd"
"1172",1184,7.75359,48.6483,"Hond","nd"
"1173",1185,7.71544,48.64179,"Hund","nd"
"1174",1187,7.67069,48.64279,"Hünd, Hung","nd"
"1175",1188,7.66779,48.62966,"Hund","nd"
"1176",1189,7.74147,48.6355,"Hund","nd"
"1177",1190,7.70033,48.62313,"Hünd","nd"
"1178",1191,7.69275,48.61406,"Hung","ng"
"1179",1192,7.73609,48.58523,"Hend, Hünde","nd"
"1180",1193,7.73212,48.59535,"Hund","nd"
"1181",1194,7.74856,48.60595,"He<U+0365>nd","nd"
"1182",1195,7.75254,48.61483,"Hennd","nd"
"1183",1196,7.75526,48.62105,"Hund","nd"
"1184",1197,7.68507,48.60569,"Hüend","nd"
"1185",1198,7.80059,48.61004,"Hund (Hind)","nd"
"1186",1199,7.92904,48.65493,"Hend","nd"
"1187",1200,7.8874,48.64789,"Hund","nd"
"1188",1201,7.8874,48.64789,"Hound","nd"
"1189",1202,7.87132,48.64025,"Hind","nd"
"1190",1203,7.85613,48.62423,"Hund","nd"
"1191",1204,7.89706,48.62687,"Hund","nd"
"1192",1205,7.92018,48.62595,"Hund, Hind","nd"
"1193",1206,7.99491,48.62035,"Hind","nd"
"1194",1207,7.9036,48.60838,"Hind","nd"
"1195",1208,7.83597,48.6051,"Hünd","nd"
"1196",1209,7.87462,48.60047,"Hond","nd"
"1197",1210,7.86754,48.58924,"Hund, Hind","nd"
"1198",1211,7.33046,48.5499,"Hönd (Sg.), Hind (Pl.)","nd"
"1199",1212,7.33046,48.5499,"Hejnd","nd"
"1200",1213,7.32457,48.52675,"Hund","nd"
"1201",1214,7.29709,48.51659,"Hund","nd"
"1202",1215,7.43736,48.58406,"Hund","nd"
"1203",1216,7.45869,48.57632,"Hend","nd"
"1204",1217,7.45869,48.57632,"Heng","ng"
"1205",1218,7.46645,48.57212,"Hend","nd"
"1206",1219,7.4048,48.54953,"Heend","nd"
"1207",1220,7.4273,48.54254,"Hund, Hind","nd"
"1208",1221,7.45043,48.53927,"Hund, Hend","nd"
"1209",1222,7.49067,48.54038,"Hend","nd"
"1210",1223,7.48538,48.52471,"Hund","nd"
"1211",1224,7.3916,48.53799,"Hund","nd"
"1212",1225,7.43186,48.53571,"Hund","nd"
"1213",1226,7.4409,48.50587,"Hen","nn"
"1214",1227,7.38528,48.50755,"Hend","nd"
"1215",1228,7.47751,48.58828,"Hend","nd"
"1216",1229,7.34119,48.54244,"Hünd, d'Hünd","nd"
"1217",1230,7.43177,48.57213,"Heund","nd"
"1218",1231,7.48699,48.572,"Hund","nd"
"1219",1232,7.50654,48.58628,"Hend","nd"
"1220",1233,7.55672,48.58641,"d'Heend","nd"
"1221",1234,7.56378,48.61325,"Hünd","nd"
"1222",1235,7.93035,49.0109,"d'Hund","nd"
"1223",1236,7.78435,48.95245,"Hund","nd"
"1224",1237,7.65236,48.5868,"Hend","nd"
"1225",1238,7.52806,48.56941,"Hund","nd"
"1226",1239,7.52806,48.56941,"Hend","nd"
"1227",1240,7.50043,48.56159,"Hi°nd, Hend","nd"
"1228",1241,7.53229,48.56055,"Hehnd","nd"
"1229",1242,7.56478,48.56483,"Hind","nd"
"1230",1243,7.61529,48.55876,"Heend","nd"
"1231",1244,7.58968,48.52813,"Hend","nd"
"1232",1245,7.56596,48.52454,"d'Hund","nd"
"1233",1246,7.52793,48.52186,"Hund","nd"
"1234",1247,7.60783,48.50535,"Hö¯nd","nd"
"1235",1248,7.64329,48.51516,"Hend","nd"
"1236",1249,7.63634,48.53413,"Hund","nd"
"1237",1250,7.58834,48.56138,"Hend","nd"
"1238",1251,7.51077,48.56903,"Hünd","nd"
"1239",1252,7.81494,48.57419,"Hind","nd"
"1240",1253,7.8231,48.52207,"Hend, Hind","nd"
"1241",1254,7.81911,48.51308,"Hund, Hind","nd"
"1242",1255,7.71183,48.5288,"Hunde, Hind","nd"
"1243",1256,7.71183,48.5288,"Hund","nd"
"1244",1257,7.66606,48.58281,"Hünd","nd"
"1245",1258,7.68725,48.57932,"Hund (Sg.), Hind (Pl.)","nd"
"1246",1259,7.64383,48.55724,"d'Hend","nd"
"1247",1260,7.84392,48.57012,"Hund","nd"
"1248",1261,7.88021,48.56001,"d'Hond","nd"
"1249",1262,7.91306,48.56803,"Hung","ng"
"1250",1263,7.96889,48.557,"Hind","nd"
"1251",1264,7.98009,48.53996,"Hind","nd"
"1252",1265,7.98301,48.50723,"Hund","nd"
"1253",1266,7.95693,48.5148,"Hund, Hind","nd"
"1254",1267,7.924,48.51041,"Hind","nd"
"1255",1268,7.88114,48.52042,"d'Hound","nd"
"1256",1269,7.88114,48.52042,"d'Hund","nd"
"1257",1270,7.85175,48.52985,"Hund","nd"
"1258",1271,7.89222,48.53868,"unsre Hund","nd"
"1259",1272,7.92148,48.53823,"Hind","nd"
"1260",1273,7.86899,48.56537,"Hung","ng"
"1261",1274,7.32375,48.49241,"Hoend","nd"
"1262",1275,7.32375,48.49241,"Huend","nd"
"1263",1276,7.25895,48.43628,"Hunde","nd"
